timestamp,key,userid
1637046803855,1,unknown
1637046805526,0,unknown
1637046807612,1,unknown
1637046809626,0,unknown
1637046811533,1,unknown
1637046813521,0,unknown
1637046815386,1,unknown
1637046817433,0,unknown
1637046819613,1,unknown
1637046821613,0,unknown
1637046823488,1,unknown
1637046825536,0,unknown
1637046827701,1,unknown
1637046829676,0,unknown
1637046831525,1,unknown
1637046833602,0,unknown
1637046835421,1,unknown
1637046837431,0,unknown
1637046839393,1,unknown
1637046841368,0,unknown
1637046843439,1,unknown
1637046845579,0,unknown
1637046847545,1,unknown
1637046849509,0,unknown
1637046851545,1,unknown
1637046853644,0,unknown
1637046855759,1,unknown
1637046857602,0,unknown
1637046859769,1,unknown
1637046861894,0,unknown
1637046864069,1,unknown
1637046866358,0,unknown
1637046868614,1,unknown
1637046870560,0,unknown
1637046872709,1,unknown
1637046874903,0,unknown
1637046877210,1,unknown
1637046879227,0,unknown
1637046881455,1,unknown
1637046883754,0,unknown
1637046885990,1,unknown
1637046888162,0,unknown
1637046890263,1,unknown
1637046892430,0,unknown
1637046894520,1,unknown
1637046896692,0,unknown
1637046898822,1,unknown
1637046900946,0,unknown
1637046903135,1,unknown
1637046905401,0,unknown
1637046907597,1,unknown
1637046909854,0,unknown
1637046912028,1,unknown
1637046914371,0,unknown
1637046916464,1,unknown
1637046918724,0,unknown
1637046920991,1,unknown
1637046923158,0,unknown
1637046925306,1,unknown
1637046927499,0,unknown
1637046929628,1,unknown
1637046931709,0,unknown
1637046933893,1,unknown
1637046936103,0,unknown
1637046938157,1,unknown
1637046940264,0,unknown
1637046942438,1,unknown
1637046944643,0,unknown
1637046946781,1,unknown
1637046949040,0,unknown
1637046951698,1,unknown
1637046953911,0,unknown
1637046956093,1,unknown
1637046958224,0,unknown
1637046960391,1,unknown
1637046962476,0,unknown
1637046964565,1,unknown
1637046966720,0,unknown
1637046968872,1,unknown
1637046971035,0,unknown
1637046973191,1,unknown
1637046975446,0,unknown
1637046977658,1,unknown
1637046979953,0,unknown
1637046982037,1,unknown
1637046984367,0,unknown
1637046986557,1,unknown
1637046988908,0,unknown
1637046991656,1,unknown
1637046993772,0,unknown
1637046996064,1,unknown
1637046998225,0,unknown
1637047000412,1,unknown
1637047002567,0,unknown
1637047004615,1,unknown
1637047006780,0,unknown
1637047008856,1,unknown
1637047011037,0,unknown
1637047013205,1,unknown
1637047015352,0,unknown
1637047017324,1,unknown
1637047019403,0,unknown
1637047021564,1,unknown
1637047023759,0,unknown
1637047025944,1,unknown
1637047028200,0,unknown
1637047030292,1,unknown
1637047032475,0,unknown
1637047034565,1,unknown
1637047036832,0,unknown
1637047039079,1,unknown
1637047041392,0,unknown
1637047043539,1,unknown
1637047045779,0,unknown
1637047048000,1,unknown
1637047050241,0,unknown
1637047052242,1,unknown
1637047054666,0,unknown
1637047057114,1,unknown
1637047059561,0,unknown
1637047061834,1,unknown
1637047063898,0,unknown
1637047066499,1,unknown
1637047069315,0,unknown
1637047071289,1,unknown
1637047073566,0,unknown
1637047075833,1,unknown
1637047078048,0,unknown
1637047080406,1,unknown
1637047082605,0,unknown
1637047084636,1,unknown
1637047086721,0,unknown
1637047088592,1,unknown
1637047090693,0,unknown
1637047092949,1,unknown
1637047095144,0,unknown
1637047097403,1,unknown
1637047099518,0,unknown
1637047101573,1,unknown
1637047103901,0,unknown
1637047106028,1,unknown
1637047108188,0,unknown
1637047110239,1,unknown
1637047112599,0,unknown
1637047114638,1,unknown
1637047116829,0,unknown
1637047118853,1,unknown
1637047121162,0,unknown
1637047123239,1,unknown
1637047125329,0,unknown
1637047127644,1,unknown
1637047129702,0,unknown
1637047132134,1,unknown
1637047134255,0,unknown
1637047136466,1,unknown
1637047138697,0,unknown
1637047140912,1,unknown
1637047143125,0,unknown
1637047145302,1,unknown
1637047147597,0,unknown
1637047149765,1,unknown
1637047152221,0,unknown
1637047154729,1,unknown
1637047157132,0,unknown
1637047159504,1,unknown
1637047161777,0,unknown
1637047164158,1,unknown
1637047166283,0,unknown
1637047168404,1,unknown
1637047170744,0,unknown
1637047172988,1,unknown
1637047175236,0,unknown
1637047177529,1,unknown
1637047179694,0,unknown
1637047181885,1,unknown
1637047184315,0,unknown
1637047186570,1,unknown
1637047188917,0,unknown
1637047191077,1,unknown
1637047193430,0,unknown
1637047195763,1,unknown
1637047198115,0,unknown
1637047200337,1,unknown
1637047202699,0,unknown
1637047204847,1,unknown
1637047207232,0,unknown
1637047209443,1,unknown
1637047211796,0,unknown
1637047214011,1,unknown
1637047216196,0,unknown
1637047218539,1,unknown
1637047220819,0,unknown
1637047223029,1,unknown
1637047225178,0,unknown
1637047227241,1,unknown
1637047229530,0,unknown
1637047231655,1,unknown
1637047233919,0,unknown
1637047236185,1,unknown
1637047238518,0,unknown
1637047240717,1,unknown
1637047243005,0,unknown
1637047245405,1,unknown
1637047247825,0,unknown
1637047250226,1,unknown
1637047252474,0,unknown
1637047254768,1,unknown
1637047257084,0,unknown
1637047259531,1,unknown
1637047261798,0,unknown
1637047264005,1,unknown
1637047266022,0,unknown
1637047268441,1,unknown
1637047270857,0,unknown
1637047273267,1,unknown
1637047275726,0,unknown
1637047277972,1,unknown
1637047280294,0,unknown
1637047282465,1,unknown
1637047284738,0,unknown
1637047286982,1,unknown
1637047289588,0,unknown
1637047291809,1,unknown
1637047294219,0,unknown
1637047296753,1,unknown
1637047299006,0,unknown
1637047301383,1,unknown
1637047303656,0,unknown
1637047306023,1,unknown
1637047308636,0,unknown
1637047311144,1,unknown
1637047313328,0,unknown
1637047315806,1,unknown
1637047318200,0,unknown
1637047320652,1,unknown
1637047323127,0,unknown
1637047325623,1,unknown
1637047327865,0,unknown
1637047330258,1,unknown
1637047332715,0,unknown
1637047334983,1,unknown
1637047337364,0,unknown
1637047339697,1,unknown
1637047342273,0,unknown
1637047344739,1,unknown
1637047346930,0,unknown
1637047349421,1,unknown
1637047351726,0,unknown
1637047354049,1,unknown
1637047356263,0,unknown
1637047358517,1,unknown
1637047360853,0,unknown
1637047363247,1,unknown
1637047365780,0,unknown
1637047368075,1,unknown
1637047370234,0,unknown
1637047372486,1,unknown
1637047374764,0,unknown
1637047377203,1,unknown
1637047379585,0,unknown
1637047381961,1,unknown
1637047384303,0,unknown
1637047386617,1,unknown
1637047388844,0,unknown
1637047391220,1,unknown
1637047393368,0,unknown
1637047395882,1,unknown
1637047398138,0,unknown
1637047400503,1,unknown
1637047402750,0,unknown
1637047405446,1,unknown
1637047407641,0,unknown
1637047409984,1,unknown
1637047412253,0,unknown
1637047414590,1,unknown
1637047416774,0,unknown
1637047418971,1,unknown
1637047421233,0,unknown
